,KS Statistic,P-Value
Open,0.18127797865013773,5.105335890295185e-18
High,0.22296831955922866,4.103176225803858e-27
Low,0.3543603650137741,7.976137630142388e-69
Close,0.19980199724517905,8.049930852603676e-22
Volume,0.29774018595041324,2.3361795034210465e-48
